sample,group
GSM1308392,Normal
GSM1308393,Normal
GSM1308394,Normal
GSM1308395,Normal
GSM1308396,Normal
GSM1308397,Normal
GSM1308398,Normal
GSM1308399,Normal
GSM1308400,Normal
GSM1308401,Normal
GSM1308402,Normal
GSM1308403,Normal
GSM1308404,Normal
GSM1308405,Normal
GSM1308406,Normal
GSM1308407,Normal
GSM1308408,Normal
GSM1308409,Normal
GSM1308410,Normal
GSM1308411,Normal
GSM1308412,Normal
GSM1308413,Tumor
GSM1308414,Tumor
GSM1308415,Tumor
GSM1308416,Tumor
GSM1308417,Tumor
GSM1308418,Tumor
GSM1308419,Tumor
GSM1308420,Tumor
GSM1308421,Tumor
GSM1308422,Tumor
GSM1308423,Tumor
GSM1308424,Tumor
GSM1308425,Tumor
GSM1308426,Tumor
GSM1308427,Tumor
GSM1308428,Tumor
GSM1308429,Tumor
GSM1308430,Tumor
GSM1308431,Tumor
GSM1308432,Tumor
GSM1308433,Tumor
GSM1308434,Tumor
GSM1308435,Tumor
GSM1308436,Tumor
GSM1308437,Tumor
GSM1308438,Tumor
GSM1308439,Tumor
GSM1308440,Tumor
GSM1308441,Tumor
GSM1308442,Tumor
GSM1308443,Tumor
GSM1308444,Tumor
GSM1308445,Tumor
GSM1308446,Tumor
GSM1308447,Tumor
GSM1308448,Tumor
GSM1308449,Tumor
GSM1308450,Tumor
GSM1308451,Tumor
GSM1308452,Tumor
GSM1308453,Tumor
GSM1308454,Tumor
GSM1308455,Tumor
GSM1308456,Tumor
GSM1308457,Tumor
GSM1308458,Tumor
GSM1308459,Tumor
GSM1308460,Tumor
GSM1308461,Tumor
GSM1308462,Tumor
GSM1308463,Tumor
GSM1308464,Tumor
GSM1308465,Tumor
GSM1308466,Tumor
GSM1308467,Tumor
GSM1308468,Tumor
GSM1308469,Tumor
GSM1308470,Tumor
GSM1308471,Tumor
GSM1308472,Tumor
GSM1308473,Tumor
GSM1308474,Tumor
GSM1308475,Tumor
GSM1308476,Tumor
GSM1308477,Tumor
GSM1308478,Tumor
GSM1308479,Tumor
GSM1308480,Tumor
GSM1308481,Tumor
GSM1308482,Tumor
GSM1308483,Tumor
GSM1308484,Tumor
GSM1308485,Tumor
GSM1308486,Tumor
GSM1308487,Tumor
GSM1308488,Tumor
GSM1308489,Tumor
GSM1308490,Tumor
GSM1308491,Tumor
GSM1308492,Tumor
GSM1308493,Tumor
GSM1308494,Tumor
GSM1308495,Tumor
GSM1308496,Tumor
GSM1308497,Tumor
GSM1308498,Tumor
GSM1308499,Tumor
GSM1308500,Tumor
GSM1308501,Tumor
GSM1308502,Tumor
GSM1308503,Tumor
GSM1308504,Tumor
GSM1308505,Tumor
GSM1308506,Tumor
GSM1308507,Tumor
GSM1308508,Tumor
GSM1308509,Tumor
GSM1308510,Tumor
GSM1308511,Tumor
GSM1308512,Tumor
GSM1308513,Tumor
GSM1308514,Tumor
GSM1308515,Tumor
GSM1308516,Tumor
GSM1308517,Tumor
GSM1308518,Tumor
GSM1308519,Tumor
GSM1308520,Tumor
GSM1308521,Tumor
GSM1308522,Tumor
GSM1308523,Tumor
